call_addr,fn_start,cmd
0x10001e0b,0x10001d72,0x101
0x10001eb4,0x10001e92,0x101
0x10001f59,0x10001f3b,0x101
0x10002047,0x1000203a,0x101
0x100020aa,0x10002099,0x101
0x10002226,0x10002180,0x102
0x100022c3,0x10002284,0x102
0x1000238b,0x1000233b,0x102
0x10002494,0x1000247f,0x102
0x100024f4,0x100024db,0x102
0x100025dc,0x10002571,0x102
0x100026d8,0x100026ad,0x103
0x1000270e,0x100026f4,0x103
0x1000273c,0x10002726,0x103
0x10002787,0x1000277a,0x103
0x100027b6,0x100027a9,0x103
0x100027e5,0x100027d8,0x103
0x1000285c,0x1000282a,0x104
0x100028d6,0x1000282a,0x105
0x10002d91,0x10002d5f,0x106
0x10002e0a,0x10002d5f,0x107
0x10003121,0x100030e5,0x106
0x1000319a,0x100030e5,0x139
0x1000370f,0x100036d4,0x105
0x10003846,0x1000380a,0x107
0x10003b86,0x10003b4a,0x139
0x10003f5c,0x10003f3f,0x108
0x10003fc1,0x10003f98,0x109
0x10004035,0x10004002,0x10a
0x100040a7,0x10004078,0x10b
0x100040d6,0x100040cf,0x10c
0x10004170,0x1000414d,0x10d
0x100041da,0x100041ae,0x10f
0x10004261,0x10004234,0x10e
0x1000434f,0x10004326,0x110
0x10004405,0x100043e8,0x111
0x1000447a,0x10004444,0x112
0x10004512,0x100044db,0x112
0x100046c6,0x1000468f,0x113
0x1000479f,0x10004775,0x114
0x1000482f,0x10004804,0x115
0x100048b6,0x10004872,0x116
0x100049ae,0x10004965,0x12f
0x10004adf,0x10004ab6,0x117
0x10004b4f,0x10004b22,0x118
0x10004bbf,0x10004b92,0x119
0x10004cad,0x10004c78,0x11a
0x1000504d,0x10004fd1,0x11b
0x10005156,0x10005126,0x130
0x100052d7,0x10005278,0x131
0x100053d2,0x10005397,0x13a
0x10005572,0x100054f4,0x13b
0x10005658,0x10005625,0x11c
0x100057b2,0x10005797,0x11d
0x1000583f,0x1000581c,0x11e
0x100058b2,0x1000588c,0x11f
0x10005922,0x100058f5,0x11f
0x10005991,0x10005965,0x120
0x10005a78,0x10005a1c,0x121
0x10005b01,0x10005ad3,0x132
0x10005bfa,0x10005b92,0x133
0x10005c93,0x10005c55,0x129
0x10005d3c,0x10005d07,0x12a
0x10005dd7,0x10005d9c,0x12b
0x10005eb1,0x10005e54,0x12c
0x10005f4c,0x10005f17,0x12d
0x10005fec,0x10005fa3,0x12e
0x100060ac,0x10006094,0x125
0x1000625d,0x100061be,0x126
0x1000632c,0x10006314,0x125
0x1000651b,0x10006468,0x126
0x100065cb,0x100065b2,0x127
0x1000662f,0x10006608,0x128
0x100066f7,0x10006672,0x136
0x100069e0,0x100068e0,0x135
0x10006ac2,0x10006a98,0x137
0x10006b2f,0x10006b05,0x138
0x1000810f,0x100080ed,0x122
0x100081a1,0x10008152,0x513
0x100082ea,0x1000827d,0x514
0x10008439,0x100083ad,0x101
0x10008518,0x100084fa,0x101
0x10008636,0x10008629,0x101
0x10008691,0x10008684,0x101
0x1000886f,0x100087b9,0x102
0x100089b2,0x100088fc,0x102
0x10008b07,0x10008a3f,0x102
0x10008c4f,0x10008c36,0x102
0x10008ce7,0x10008cce,0x102
0x10009d29,0x10009cf8,0x11a
0x10009e4a,0x10009e01,0x11b
0x1000a1bc,0x1000a19f,0x108
0x1000a24d,0x1000a234,0x101
0x1000a37f,0x1000a324,0x102
0x1000a4ad,0x1000a494,0x101
